,input,mod,spp,accel_structure,render_time,intersections_per_ray
0,02_cornelbox,linear,1,0.00019999999999999998,128.7052,30.0
1,02_cornelbox,linear,1,9.999999999999999e-05,118.3805,30.0
2,02_cornelbox,linear,1,0.0,130.5177,30.0
3,02_cornelbox,linear,1,9.999999999999999e-05,134.9337,30.0
4,02_cornelbox,linear,1,0.0,123.9765,30.0
5,02_cornelbox,linear,1,0.0,130.3615,30.0
6,02_cornelbox,linear,1,9.999999999999999e-05,128.7766,30.0
7,02_cornelbox,linear,1,9.999999999999999e-05,119.793,30.0
8,02_cornelbox,linear,1,0.0,120.2016,30.0
9,02_cornelbox,linear,1,9.999999999999999e-05,131.95,30.0
10,02_cornelbox,spatial-longest,1,0.0296,80.2598,2.6750659737602236
11,02_cornelbox,spatial-longest,1,0.0165,87.7959,2.6750659737602236
12,02_cornelbox,spatial-longest,1,0.0184,84.5971,2.6750659737602236
13,02_cornelbox,spatial-longest,1,0.0329,79.9269,2.6750659737602236
14,02_cornelbox,spatial-longest,1,0.0171,89.4036,2.6750659737602236
15,02_cornelbox,spatial-longest,1,0.017,84.3573,2.6750659737602236
16,02_cornelbox,spatial-longest,1,0.0189,80.7642,2.6750659737602236
17,02_cornelbox,spatial-longest,1,0.017,86.0453,2.6750659737602236
18,02_cornelbox,spatial-longest,1,0.016399999999999998,85.0429,2.6750659737602236
19,02_cornelbox,spatial-longest,1,0.0185,78.7013,2.6750659737602236
20,02_cornelbox,spatial-random,1,0.0161,82.4098,2.622118521938225
21,02_cornelbox,spatial-random,1,0.0314,81.9016,2.622118521938225
22,02_cornelbox,spatial-random,1,0.0173,75.4273,2.622118521938225
23,02_cornelbox,spatial-random,1,0.017,82.5292,2.622118521938225
24,02_cornelbox,spatial-random,1,0.0183,83.1121,2.622118521938225
25,02_cornelbox,spatial-random,1,0.016399999999999998,81.2107,2.622118521938225
26,02_cornelbox,spatial-random,1,0.0176,75.6927,2.622118521938225
27,02_cornelbox,spatial-random,1,0.0201,82.6548,2.622118521938225
28,02_cornelbox,spatial-random,1,0.0162,86.4634,2.622118521938225
29,02_cornelbox,spatial-random,1,0.0163,81.0201,2.622118521938225
30,02_cornelbox,spatial-robin,1,0.0194,77.4812,2.622118521938225
31,02_cornelbox,spatial-robin,1,0.016,87.7135,2.622118521938225
32,02_cornelbox,spatial-robin,1,0.0167,80.7415,2.622118521938225
33,02_cornelbox,spatial-robin,1,0.018099999999999998,77.6745,2.622118521938225
34,02_cornelbox,spatial-robin,1,0.0168,85.3079,2.622118521938225
35,02_cornelbox,spatial-robin,1,0.0161,81.3985,2.622118521938225
36,02_cornelbox,spatial-robin,1,0.018199999999999997,77.0628,2.622118521938225
37,02_cornelbox,spatial-robin,1,0.017499999999999998,83.2597,2.622118521938225
38,02_cornelbox,spatial-robin,1,0.0161,80.9295,2.622118521938225
39,02_cornelbox,spatial-robin,1,0.0173,81.2489,2.622118521938225
40,02_cornelbox,median-longest,1,0.2011,87.9673,2.560033711414637
41,02_cornelbox,median-longest,1,0.0188,87.5947,2.560033711414637
42,02_cornelbox,median-longest,1,0.0188,83.1556,2.560033711414637
43,02_cornelbox,median-longest,1,0.0171,88.502,2.560033711414637
44,02_cornelbox,median-longest,1,0.0196,87.4473,2.560033711414637
45,02_cornelbox,median-longest,1,0.0177,87.7841,2.560033711414637
46,02_cornelbox,median-longest,1,0.0193,83.4343,2.560033711414637
47,02_cornelbox,median-longest,1,0.018000000000000002,91.4216,2.560033711414637
48,02_cornelbox,median-longest,1,0.0177,87.7403,2.560033711414637
49,02_cornelbox,median-longest,1,0.0195,87.656,2.560033711414637
50,02_cornelbox,median-random,1,0.0194,88.1173,2.594346305384355
51,02_cornelbox,median-random,1,0.0188,89.5956,2.594346305384355
52,02_cornelbox,median-random,1,0.0217,85.7532,2.594346305384355
53,02_cornelbox,median-random,1,0.0189,88.8329,2.594346305384355
54,02_cornelbox,median-random,1,0.02,89.7137,2.594346305384355
55,02_cornelbox,median-random,1,0.022799999999999997,87.9444,2.594346305384355
56,02_cornelbox,median-random,1,0.0192,88.2308,2.594346305384355
57,02_cornelbox,median-random,1,0.0205,88.3958,2.594346305384355
58,02_cornelbox,median-random,1,0.019,88.8355,2.594346305384355
59,02_cornelbox,median-random,1,0.0216,83.8118,2.594346305384355
60,02_cornelbox,median-robin,1,0.0193,92.421,2.594346305384355
61,02_cornelbox,median-robin,1,0.02,87.1958,2.594346305384355
62,02_cornelbox,median-robin,1,0.0222,84.1348,2.594346305384355
63,02_cornelbox,median-robin,1,0.0198,88.7456,2.594346305384355
64,02_cornelbox,median-robin,1,0.033800000000000004,87.776,2.594346305384355
65,02_cornelbox,median-robin,1,0.0217,82.4346,2.594346305384355
66,02_cornelbox,median-robin,1,0.0196,88.5124,2.594346305384355
67,02_cornelbox,median-robin,1,0.0214,86.7425,2.594346305384355
68,02_cornelbox,median-robin,1,0.0204,86.5598,2.594346305384355
69,02_cornelbox,median-robin,1,0.0216,81.9576,2.594346305384355
70,02_cornelbox,sah,1,0.0416,76.9521,2.4755992084850225
71,02_cornelbox,sah,1,0.0395,71.1804,2.4755992084850225
72,02_cornelbox,sah,1,0.0419,65.9061,2.4755992084850225
73,02_cornelbox,sah,1,0.0418,71.2509,2.4755992084850225
74,02_cornelbox,sah,1,0.0387,70.709,2.4755992084850225
75,02_cornelbox,sah,1,0.0421,66.4274,2.4755992084850225
76,02_cornelbox,sah,1,0.0391,71.5055,2.4755992084850225
77,02_cornelbox,sah,1,0.0376,73.0441,2.4755992084850225
78,02_cornelbox,sah,1,0.0402,71.048,2.4755992084850225
79,02_cornelbox,sah,1,0.0429,68.6469,2.4755992084850225
80,02_cornelbox,linear,32,0.0,3511.7742000000003,30.0
81,02_cornelbox,linear,32,0.00019999999999999998,3532.8963,30.0
82,02_cornelbox,linear,32,0.0,3594.5844,30.0
83,02_cornelbox,linear,32,0.0,3489.1249000000003,30.0
84,02_cornelbox,linear,32,0.0,3486.9323,30.0
85,02_cornelbox,linear,32,9.999999999999999e-05,3474.8397999999997,30.0
86,02_cornelbox,linear,32,9.999999999999999e-05,3486.7085,30.0
87,02_cornelbox,linear,32,0.0,3477.1144,30.0
88,02_cornelbox,linear,32,0.0,3495.1519000000003,30.0
89,02_cornelbox,linear,32,0.0,3569.2887,30.0
90,02_cornelbox,spatial-longest,32,0.0174,2581.4637000000002,2.676569599399677
91,02_cornelbox,spatial-longest,32,0.0166,2421.4025,2.676569599399677
92,02_cornelbox,spatial-longest,32,0.017,2475.5202999999997,2.676569599399677
93,02_cornelbox,spatial-longest,32,0.0166,2440.4461,2.676569599399677
94,02_cornelbox,spatial-longest,32,0.0177,2402.44,2.676569599399677
95,02_cornelbox,spatial-longest,32,0.016900000000000002,2470.27,2.676569599399677
96,02_cornelbox,spatial-longest,32,0.0207,2417.5917999999997,2.676569599399677
97,02_cornelbox,spatial-longest,32,0.0177,2444.9002,2.676569599399677
98,02_cornelbox,spatial-longest,32,0.0204,2474.3210000000004,2.676569599399677
99,02_cornelbox,spatial-longest,32,0.0172,2433.7918,2.676569599399677
100,02_cornelbox,spatial-random,32,0.0161,2315.6572,2.6229662301957988
101,02_cornelbox,spatial-random,32,0.0171,2367.1760000000004,2.6229662301957988
102,02_cornelbox,spatial-random,32,0.017900000000000003,2332.4132999999997,2.6229662301957988
103,02_cornelbox,spatial-random,32,0.0166,2294.6345,2.6229662301957988
104,02_cornelbox,spatial-random,32,0.0216,2319.9800999999998,2.6229662301957988
105,02_cornelbox,spatial-random,32,0.018600000000000002,2346.8393,2.6229662301957988
106,02_cornelbox,spatial-random,32,0.0159,2336.7273,2.6229662301957988
107,02_cornelbox,spatial-random,32,0.017,2317.2756,2.6229662301957988
108,02_cornelbox,spatial-random,32,0.0171,2312.5654,2.6229662301957988
109,02_cornelbox,spatial-random,32,0.0165,2329.6728,2.6229662301957988
110,02_cornelbox,spatial-robin,32,0.017,2424.6862,2.6229662301957988
111,02_cornelbox,spatial-robin,32,0.0166,2339.1868,2.6229662301957988
112,02_cornelbox,spatial-robin,32,0.0159,2309.0551,2.6229662301957988
113,02_cornelbox,spatial-robin,32,0.0167,2362.4438,2.6229662301957988
114,02_cornelbox,spatial-robin,32,0.0201,2279.4732999999997,2.6229662301957988
115,02_cornelbox,spatial-robin,32,0.0173,2313.0497,2.6229662301957988
116,02_cornelbox,spatial-robin,32,0.0165,2345.7496,2.6229662301957988
117,02_cornelbox,spatial-robin,32,0.016900000000000002,2289.6296,2.6229662301957988
118,02_cornelbox,spatial-robin,32,0.017,2293.0323000000003,2.6229662301957988
119,02_cornelbox,spatial-robin,32,0.0166,2283.5989,2.6229662301957988
120,02_cornelbox,median-longest,32,0.0173,2487.4271000000003,2.5613269774177847
121,02_cornelbox,median-longest,32,0.0171,2575.3092,2.5613269774177847
122,02_cornelbox,median-longest,32,0.0191,2615.6223,2.5613269774177847
123,02_cornelbox,median-longest,32,0.0191,2673.3051,2.5613269774177847
124,02_cornelbox,median-longest,32,0.0268,2703.3067,2.5613269774177847
125,02_cornelbox,median-longest,32,0.0189,3170.511,2.5613269774177847
126,02_cornelbox,median-longest,32,0.0184,3229.3661,2.5613269774177847
127,02_cornelbox,median-longest,32,0.019700000000000002,2933.0795,2.5613269774177847
128,02_cornelbox,median-longest,32,0.0178,2501.6861000000004,2.5613269774177847
129,02_cornelbox,median-longest,32,0.018199999999999997,2541.1800000000003,2.5613269774177847
130,02_cornelbox,median-random,32,0.019899999999999998,2485.78,2.5951065266586806
131,02_cornelbox,median-random,32,0.0192,2495.8712,2.5951065266586806
132,02_cornelbox,median-random,32,0.019,2518.0812,2.5951065266586806
133,02_cornelbox,median-random,32,0.0195,2545.7223999999997,2.5951065266586806
134,02_cornelbox,median-random,32,0.02,2509.3301,2.5951065266586806
135,02_cornelbox,median-random,32,0.019899999999999998,2523.1258,2.5951065266586806
136,02_cornelbox,median-random,32,0.0195,2506.1498,2.5951065266586806
137,02_cornelbox,median-random,32,0.0195,2497.0241,2.5951065266586806
138,02_cornelbox,median-random,32,0.019700000000000002,2487.4502,2.5951065266586806
139,02_cornelbox,median-random,32,0.0204,2499.4264,2.5951065266586806
140,02_cornelbox,median-robin,32,0.0196,2454.4078,2.5951065266586806
141,02_cornelbox,median-robin,32,0.0196,2467.1465000000003,2.5951065266586806
142,02_cornelbox,median-robin,32,0.0192,2499.2619,2.5951065266586806
143,02_cornelbox,median-robin,32,0.0194,2534.0439,2.5951065266586806
144,02_cornelbox,median-robin,32,0.0191,2493.3093,2.5951065266586806
145,02_cornelbox,median-robin,32,0.0193,2487.5063,2.5951065266586806
146,02_cornelbox,median-robin,32,0.0213,2551.6233,2.5951065266586806
147,02_cornelbox,median-robin,32,0.0194,2511.3376,2.5951065266586806
148,02_cornelbox,median-robin,32,0.0234,2561.8789,2.5951065266586806
149,02_cornelbox,median-robin,32,0.0196,2510.1523,2.5951065266586806
150,02_cornelbox,sah,32,0.04,1998.4106,2.4758247984358186
151,02_cornelbox,sah,32,0.0439,2015.9442,2.4758247984358186
152,02_cornelbox,sah,32,0.0387,1992.7722,2.4758247984358186
153,02_cornelbox,sah,32,0.0399,2014.3192999999999,2.4758247984358186
154,02_cornelbox,sah,32,0.0402,2021.2775000000001,2.4758247984358186
155,02_cornelbox,sah,32,0.0475,2044.6714,2.4758247984358186
156,02_cornelbox,sah,32,0.0436,2050.135,2.4758247984358186
157,02_cornelbox,sah,32,0.045599999999999995,2031.6423000000002,2.4758247984358186
158,02_cornelbox,sah,32,0.0401,2016.8765999999998,2.4758247984358186
159,02_cornelbox,sah,32,0.056499999999999995,2065.3687999999997,2.4758247984358186
160,02_cornelbox,linear,128,9.999999999999999e-05,14084.1376,30.0
161,02_cornelbox,linear,128,0.0,13831.8616,30.0
162,02_cornelbox,linear,128,9.999999999999999e-05,14197.9926,30.0
163,02_cornelbox,spatial-longest,128,0.0177,9715.9634,2.6764251521893483
164,02_cornelbox,spatial-longest,128,0.0176,9668.0009,2.6764251521893483
165,02_cornelbox,spatial-longest,128,0.017,9713.883300000001,2.6764251521893483
166,02_cornelbox,spatial-random,128,0.0168,9842.707199999999,2.6228332420627507
167,02_cornelbox,spatial-random,128,0.017,9253.6665,2.6228332420627507
168,02_cornelbox,spatial-random,128,0.0184,9342.4602,2.6228332420627507
169,02_cornelbox,spatial-robin,128,0.0165,9462.2823,2.6228332420627507
170,02_cornelbox,spatial-robin,128,0.0165,9384.2833,2.6228332420627507
171,02_cornelbox,spatial-robin,128,0.0171,9434.6287,2.6228332420627507
172,02_cornelbox,median-longest,128,0.0194,10234.322,2.5611837654323755
173,02_cornelbox,median-longest,128,0.017499999999999998,10380.53,2.5611837654323755
174,02_cornelbox,median-longest,128,0.018000000000000002,10225.8201,2.5611837654323755
175,02_cornelbox,median-random,128,0.020999999999999998,10357.052899999999,2.5950678076319336
176,02_cornelbox,median-random,128,0.0196,10390.2361,2.5950678076319336
177,02_cornelbox,median-random,128,0.019700000000000002,10222.9821,2.5950678076319336
178,02_cornelbox,median-robin,128,0.0203,10434.594000000001,2.5950678076319336
179,02_cornelbox,median-robin,128,0.019,10247.9988,2.5950678076319336
180,02_cornelbox,median-robin,128,0.019,10368.7147,2.5950678076319336
181,02_cornelbox,sah,128,0.040299999999999996,8352.534800000001,2.4758594284307542
182,02_cornelbox,sah,128,0.039799999999999995,8320.175799999999,2.4758594284307542
183,02_cornelbox,sah,128,0.0393,8271.8095,2.4758594284307542
184,02_spaceship,spatial-longest,1,190.77540000000002,485.3983,4.329400720147151
185,02_spaceship,spatial-longest,1,178.2963,472.2666,4.329400720147151
186,02_spaceship,spatial-longest,1,182.6228,517.9038,4.329400720147151
187,02_spaceship,spatial-longest,1,177.8277,477.1054,4.329400720147151
188,02_spaceship,spatial-longest,1,176.9146,484.9006,4.329400720147151
189,02_spaceship,spatial-longest,1,176.6027,472.703,4.329400720147151
190,02_spaceship,spatial-longest,1,180.07059999999998,473.5177,4.329400720147151
191,02_spaceship,spatial-longest,1,177.1971,488.3141,4.329400720147151
192,02_spaceship,spatial-longest,1,178.2794,475.7743,4.329400720147151
193,02_spaceship,spatial-longest,1,176.0086,487.665,4.329400720147151
194,02_spaceship,spatial-random,1,158.8774,331.4618,4.735451551268912
195,02_spaceship,spatial-random,1,160.2206,348.5787,4.735451551268912
196,02_spaceship,spatial-random,1,155.6372,348.31,4.735451551268912
197,02_spaceship,spatial-random,1,158.46959999999999,338.0056,4.735451551268912
198,02_spaceship,spatial-random,1,158.13309999999998,333.9875,4.735451551268912
199,02_spaceship,spatial-random,1,157.7873,347.4716,4.735451551268912
200,02_spaceship,spatial-random,1,161.6793,334.0686,4.735451551268912
201,02_spaceship,spatial-random,1,157.79670000000002,327.9992,4.735451551268912
202,02_spaceship,spatial-random,1,160.1435,343.5613,4.735451551268912
203,02_spaceship,spatial-random,1,159.73780000000002,340.307,4.735451551268912
204,02_spaceship,spatial-robin,1,160.6922,344.691,4.735451551268912
205,02_spaceship,spatial-robin,1,158.4477,347.857,4.735451551268912
206,02_spaceship,spatial-robin,1,158.8165,348.1778,4.735451551268912
207,02_spaceship,spatial-robin,1,156.39829999999998,331.416,4.735451551268912
208,02_spaceship,spatial-robin,1,157.90699999999998,333.1335,4.735451551268912
209,02_spaceship,spatial-robin,1,158.8942,334.0457,4.735451551268912
210,02_spaceship,spatial-robin,1,156.4553,332.6822,4.735451551268912
211,02_spaceship,spatial-robin,1,160.4116,348.9738,4.735451551268912
212,02_spaceship,spatial-robin,1,157.5092,327.4006,4.735451551268912
213,02_spaceship,spatial-robin,1,158.53130000000002,358.1196,4.735451551268912
214,02_spaceship,median-longest,1,156.3799,745.9856,5.785686226931196
215,02_spaceship,median-longest,1,158.0823,750.3521,5.785686226931196
216,02_spaceship,median-longest,1,156.2142,757.7925,5.785686226931196
217,02_spaceship,median-longest,1,155.5842,768.9558,5.785686226931196
218,02_spaceship,median-longest,1,154.58440000000002,754.9212,5.785686226931196
219,02_spaceship,median-longest,1,154.4744,749.8434,5.785686226931196
220,02_spaceship,median-longest,1,158.3097,746.2685,5.785686226931196
221,02_spaceship,median-longest,1,154.3252,764.3423,5.785686226931196
222,02_spaceship,median-longest,1,153.7079,760.7812,5.785686226931196
223,02_spaceship,median-longest,1,154.7327,765.2006,5.785686226931196
224,02_spaceship,median-random,1,170.57510000000002,492.9499,4.3484789351867565
225,02_spaceship,median-random,1,164.18869999999998,499.0298,4.3484789351867565
226,02_spaceship,median-random,1,165.70260000000002,496.6213,4.3484789351867565
227,02_spaceship,median-random,1,167.3535,538.2917,4.3484789351867565
228,02_spaceship,median-random,1,164.11010000000002,496.5382,4.3484789351867565
229,02_spaceship,median-random,1,163.4676,479.6816,4.3484789351867565
230,02_spaceship,median-random,1,164.0949,505.5049,4.3484789351867565
231,02_spaceship,median-random,1,164.30939999999998,526.5002,4.3484789351867565
232,02_spaceship,median-random,1,165.8373,484.7342,4.3484789351867565
233,02_spaceship,median-random,1,165.0702,503.2123,4.3484789351867565
234,02_spaceship,median-robin,1,166.1172,494.1124,4.3484789351867565
235,02_spaceship,median-robin,1,174.1284,510.2915,4.3484789351867565
236,02_spaceship,median-robin,1,164.3907,490.3368,4.3484789351867565
237,02_spaceship,median-robin,1,165.3177,491.8909,4.3484789351867565
238,02_spaceship,median-robin,1,165.2999,488.4918,4.3484789351867565
239,02_spaceship,median-robin,1,164.5428,495.2424,4.3484789351867565
240,02_spaceship,median-robin,1,163.487,500.2186,4.3484789351867565
241,02_spaceship,median-robin,1,162.768,490.5006,4.3484789351867565
242,02_spaceship,median-robin,1,163.7656,494.5857,4.3484789351867565
243,02_spaceship,median-robin,1,161.6372,496.5147,4.3484789351867565
244,02_spaceship,sah,1,2908.2447,232.8449,3.9470159878097615
245,02_spaceship,sah,1,2896.7608,244.5325,3.9470159878097615
246,02_spaceship,sah,1,2902.1898,245.0785,3.9470159878097615
247,02_spaceship,sah,1,2894.3903999999998,262.8814,3.9470159878097615
248,02_spaceship,sah,1,2879.7365,231.3869,3.9470159878097615
249,02_spaceship,sah,1,2917.262,247.0376,3.9470159878097615
250,02_spaceship,sah,1,2904.3349000000003,237.4277,3.9470159878097615
251,02_spaceship,sah,1,2965.0036,248.3811,3.9470159878097615
252,02_spaceship,sah,1,2973.9728,233.938,3.9470159878097615
253,02_spaceship,sah,1,3023.2266,261.0734,3.9470159878097615
254,02_spaceship,spatial-longest,32,203.1936,14390.303,4.331647997766869
255,02_spaceship,spatial-longest,32,183.2473,14404.0284,4.331647997766869
256,02_spaceship,spatial-longest,32,195.59799999999998,14612.6052,4.331647997766869
257,02_spaceship,spatial-longest,32,197.2709,14483.358600000001,4.331647997766869
258,02_spaceship,spatial-longest,32,190.16359999999997,14843.582,4.331647997766869
259,02_spaceship,spatial-longest,32,185.9246,14700.9517,4.331647997766869
260,02_spaceship,spatial-longest,32,179.1835,14789.3563,4.331647997766869
261,02_spaceship,spatial-longest,32,184.6824,15287.7038,4.331647997766869
262,02_spaceship,spatial-longest,32,202.2462,15406.3165,4.331647997766869
263,02_spaceship,spatial-longest,32,192.7655,15702.8433,4.331647997766869
264,02_spaceship,spatial-random,32,167.62199999999999,10298.5247,4.735668625886477
265,02_spaceship,spatial-random,32,194.49269999999999,10404.1336,4.735668625886477
266,02_spaceship,spatial-random,32,165.1172,10574.454899999999,4.735668625886477
267,02_spaceship,spatial-random,32,164.5479,10227.4521,4.735668625886477
268,02_spaceship,spatial-random,32,190.7535,10052.5386,4.735668625886477
269,02_spaceship,spatial-random,32,185.179,10289.8253,4.735668625886477
270,02_spaceship,spatial-random,32,193.8965,10471.1553,4.735668625886477
271,02_spaceship,spatial-random,32,189.6207,10168.0212,4.735668625886477
272,02_spaceship,spatial-random,32,179.9935,10455.3323,4.735668625886477
273,02_spaceship,spatial-random,32,177.4764,11255.3318,4.735668625886477
274,02_spaceship,spatial-robin,32,158.625,10392.3883,4.735668625886477
275,02_spaceship,spatial-robin,32,156.1371,10146.068599999999,4.735668625886477
276,02_spaceship,spatial-robin,32,154.7199,10257.3199,4.735668625886477
277,02_spaceship,spatial-robin,32,164.442,10412.7813,4.735668625886477
278,02_spaceship,spatial-robin,32,156.7696,10472.404600000002,4.735668625886477
279,02_spaceship,spatial-robin,32,156.7911,10861.6492,4.735668625886477
280,02_spaceship,spatial-robin,32,165.5789,10535.686099999999,4.735668625886477
281,02_spaceship,spatial-robin,32,158.7348,10477.5692,4.735668625886477
282,02_spaceship,spatial-robin,32,159.829,10422.7451,4.735668625886477
283,02_spaceship,spatial-robin,32,167.6784,10479.242400000001,4.735668625886477
284,02_spaceship,median-longest,32,170.7287,24802.448500000002,5.790946830001415
285,02_spaceship,median-longest,32,166.33890000000002,25061.9944,5.790946830001415
286,02_spaceship,median-longest,32,181.8381,24386.9987,5.790946830001415
287,02_spaceship,median-longest,32,168.71159999999998,24721.875699999997,5.790946830001415
288,02_spaceship,median-longest,32,156.6187,24980.1443,5.790946830001415
289,02_spaceship,median-longest,32,153.8096,23906.5762,5.790946830001415
290,02_spaceship,median-longest,32,153.7158,23881.7333,5.790946830001415
291,02_spaceship,median-longest,32,153.64430000000002,23888.1992,5.790946830001415
292,02_spaceship,median-longest,32,155.3679,23883.384299999998,5.790946830001415
293,02_spaceship,median-longest,32,153.40599999999998,23964.9562,5.790946830001415
294,02_spaceship,median-random,32,164.86780000000002,15046.0652,4.351551263647451
295,02_spaceship,median-random,32,170.9032,15228.7713,4.351551263647451
296,02_spaceship,median-random,32,161.59009999999998,15675.1872,4.351551263647451
297,02_spaceship,median-random,32,163.4162,15534.5046,4.351551263647451
298,02_spaceship,median-random,32,163.6157,15158.2236,4.351551263647451
299,02_spaceship,median-random,32,164.3845,14978.663700000001,4.351551263647451
300,02_spaceship,median-random,32,165.2075,15204.573,4.351551263647451
301,02_spaceship,median-random,32,171.7408,16042.523299999999,4.351551263647451
302,02_spaceship,median-random,32,164.8162,15492.231399999999,4.351551263647451
303,02_spaceship,median-random,32,164.6268,14917.1247,4.351551263647451
304,02_spaceship,median-robin,32,162.1676,15366.3994,4.351551263647451
305,02_spaceship,median-robin,32,164.573,14999.9982,4.351551263647451
306,02_spaceship,median-robin,32,164.4174,15035.588600000001,4.351551263647451
307,02_spaceship,median-robin,32,166.054,15230.8894,4.351551263647451
308,02_spaceship,median-robin,32,162.98160000000001,15073.4738,4.351551263647451
309,02_spaceship,median-robin,32,167.4735,15037.5816,4.351551263647451
310,02_spaceship,median-robin,32,164.20100000000002,15635.0106,4.351551263647451
311,02_spaceship,median-robin,32,163.44559999999998,15226.5341,4.351551263647451
312,02_spaceship,median-robin,32,162.8386,15524.2137,4.351551263647451
313,02_spaceship,median-robin,32,164.1306,15011.595800000001,4.351551263647451
314,02_spaceship,sah,32,2917.3217,6795.6258,3.9495969168920952
315,02_spaceship,sah,32,2938.5392,6822.7658,3.9495969168920952
316,02_spaceship,sah,32,2906.4921999999997,7168.22,3.9495969168920952
317,02_spaceship,sah,32,2913.4563,6751.2479,3.9495969168920952
318,02_spaceship,sah,32,2889.4532000000004,7134.173900000001,3.9495969168920952
319,02_spaceship,sah,32,2909.4239000000002,6750.2146999999995,3.9495969168920952
320,02_spaceship,sah,32,2910.3491,6961.1111,3.9495969168920952
321,02_spaceship,sah,32,2914.5634999999997,6736.6386,3.9495969168920952
322,02_spaceship,sah,32,2899.2149,6776.4065,3.9495969168920952
323,02_spaceship,sah,32,2928.7329,7261.4391,3.9495969168920952
324,02_spaceship,spatial-longest,128,180.6717,57978.6529,4.3307396786092776
325,02_spaceship,spatial-longest,128,185.7099,59210.939699999995,4.3307396786092776
326,02_spaceship,spatial-longest,128,179.4537,60516.3855,4.3307396786092776
327,02_spaceship,spatial-random,128,157.0804,39738.3957,4.734685695595564
328,02_spaceship,spatial-random,128,154.9852,40048.0032,4.734685695595564
329,02_spaceship,spatial-random,128,156.02009999999999,40407.9298,4.734685695595564
330,02_spaceship,spatial-robin,128,154.2278,40153.565200000005,4.734685695595564
331,02_spaceship,spatial-robin,128,155.29070000000002,40467.3524,4.734685695595564
332,02_spaceship,spatial-robin,128,154.899,42110.5409,4.734685695595564
333,02_spaceship,median-longest,128,153.92929999999998,95370.59790000001,5.789638236135003
334,02_spaceship,median-longest,128,153.6834,95083.6767,5.789638236135003
335,02_spaceship,median-longest,128,155.70139999999998,95185.66769999999,5.789638236135003
336,02_spaceship,median-random,128,165.0944,60165.8306,4.350857904000401
337,02_spaceship,median-random,128,163.2751,62245.3804,4.350857904000401
338,02_spaceship,median-random,128,162.23760000000001,61057.7019,4.350857904000401
339,02_spaceship,median-robin,128,165.6635,59851.224500000004,4.350857904000401
340,02_spaceship,median-robin,128,162.6844,60925.6619,4.350857904000401
341,02_spaceship,median-robin,128,164.8236,61987.628600000004,4.350857904000401
342,02_spaceship,sah,128,2913.1809999999996,27325.550499999998,3.948724216665736
343,02_spaceship,sah,128,2910.7155000000002,27554.922300000002,3.948724216665736
344,02_spaceship,sah,128,2914.9887,27660.3789,3.948724216665736
345,02_classic,linear,1,9.999999999999999e-05,3084396.8193,2102827.0
346,02_classic,spatial-longest,1,938.6142,128.088,2.4832253124529204
347,02_classic,spatial-longest,1,842.6998,122.3764,2.4832253124529204
348,02_classic,spatial-longest,1,826.5207,121.92,2.4832253124529204
349,02_classic,spatial-longest,1,821.2554,128.8027,2.4832253124529204
350,02_classic,spatial-longest,1,818.7876,123.2535,2.4832253124529204
351,02_classic,spatial-longest,1,827.5124000000001,122.7445,2.4832253124529204
352,02_classic,spatial-longest,1,817.4346,120.6224,2.4832253124529204
353,02_classic,spatial-longest,1,840.3053,124.4582,2.4832253124529204
354,02_classic,spatial-longest,1,821.6958,128.8196,2.4832253124529204
355,02_classic,spatial-longest,1,830.5474,123.2483,2.4832253124529204
356,02_classic,spatial-random,1,676.4457,88.2565,2.367061319516601
357,02_classic,spatial-random,1,675.5318,88.1608,2.367061319516601
358,02_classic,spatial-random,1,677.0591999999999,86.507,2.367061319516601
359,02_classic,spatial-random,1,672.4738,93.4435,2.367061319516601
360,02_classic,spatial-random,1,669.5091,92.354,2.367061319516601
361,02_classic,spatial-random,1,671.0489,86.1668,2.367061319516601
362,02_classic,spatial-random,1,669.8967,86.1001,2.367061319516601
363,02_classic,spatial-random,1,669.5041,84.2431,2.367061319516601
364,02_classic,spatial-random,1,688.1302999999999,87.2869,2.367061319516601
365,02_classic,spatial-random,1,694.2372,84.7161,2.367061319516601
366,02_classic,spatial-robin,1,670.0185,86.2806,2.367061319516601
367,02_classic,spatial-robin,1,669.8152,91.2163,2.367061319516601
368,02_classic,spatial-robin,1,668.4693000000001,82.2762,2.367061319516601
369,02_classic,spatial-robin,1,714.4451,83.4112,2.367061319516601
370,02_classic,spatial-robin,1,673.5541000000001,83.2504,2.367061319516601
371,02_classic,spatial-robin,1,669.7935,86.5822,2.367061319516601
372,02_classic,spatial-robin,1,669.6327,85.7183,2.367061319516601
373,02_classic,spatial-robin,1,677.3439999999999,94.0178,2.367061319516601
374,02_classic,spatial-robin,1,672.6371,88.0063,2.367061319516601
375,02_classic,spatial-robin,1,667.4248,93.5969,2.367061319516601
376,02_classic,median-longest,1,843.0103,153.1047,2.591050497237741
377,02_classic,median-longest,1,842.1051000000001,148.9025,2.591050497237741
378,02_classic,median-longest,1,840.4918,152.9641,2.591050497237741
379,02_classic,median-longest,1,837.7717,160.6521,2.591050497237741
380,02_classic,median-longest,1,839.3673,150.6909,2.591050497237741
381,02_classic,median-longest,1,837.7692,151.5399,2.591050497237741
382,02_classic,median-longest,1,840.9535999999999,153.3575,2.591050497237741
383,02_classic,median-longest,1,837.1195,151.5749,2.591050497237741
384,02_classic,median-longest,1,843.2287,149.7625,2.591050497237741
385,02_classic,median-longest,1,841.1911,156.8516,2.591050497237741
386,02_classic,median-random,1,861.1856,132.4944,2.523224877573747
387,02_classic,median-random,1,848.6288,137.3554,2.523224877573747
388,02_classic,median-random,1,852.0508,134.2321,2.523224877573747
389,02_classic,median-random,1,853.6157,129.966,2.523224877573747
390,02_classic,median-random,1,855.8498,143.8522,2.523224877573747
391,02_classic,median-random,1,857.5823,137.2085,2.523224877573747
392,02_classic,median-random,1,848.9626000000001,136.5826,2.523224877573747
393,02_classic,median-random,1,849.5732,139.6488,2.523224877573747
394,02_classic,median-random,1,855.1781000000001,143.0889,2.523224877573747
395,02_classic,median-random,1,850.1402,130.8429,2.523224877573747
396,02_classic,median-robin,1,853.9765,145.7347,2.523224877573747
397,02_classic,median-robin,1,853.9311,132.7678,2.523224877573747
398,02_classic,median-robin,1,851.0400999999999,129.8031,2.523224877573747
399,02_classic,median-robin,1,847.4647,132.7886,2.523224877573747
400,02_classic,median-robin,1,849.0872,132.435,2.523224877573747
401,02_classic,median-robin,1,866.6563000000001,130.4528,2.523224877573747
402,02_classic,median-robin,1,855.606,129.1768,2.523224877573747
403,02_classic,median-robin,1,851.4446,132.9304,2.523224877573747
404,02_classic,median-robin,1,852.2866,135.0311,2.523224877573747
405,02_classic,median-robin,1,865.5498,133.3556,2.523224877573747
406,02_classic,sah,1,14267.586599999999,73.9793,2.2540874759457457
407,02_classic,sah,1,14381.399,69.2503,2.2540874759457457
408,02_classic,sah,1,14246.6183,70.7665,2.2540874759457457
409,02_classic,sah,1,14380.5927,72.6527,2.2540874759457457
410,02_classic,sah,1,14222.8302,68.3063,2.2540874759457457
411,02_classic,sah,1,14298.3911,70.3842,2.2540874759457457
412,02_classic,sah,1,14209.4891,67.3444,2.2540874759457457
413,02_classic,sah,1,14299.0964,69.3264,2.2540874759457457
414,02_classic,sah,1,14192.6054,67.0795,2.2540874759457457
415,02_classic,sah,1,14313.655799999999,70.0459,2.2540874759457457
416,02_classic,spatial-longest,32,820.1028,3567.6299,2.4848366068108523
417,02_classic,spatial-longest,32,821.7044999999999,3572.1665,2.4848366068108523
418,02_classic,spatial-longest,32,817.5865,3718.6445,2.4848366068108523
419,02_classic,spatial-longest,32,822.9502,3709.0258,2.4848366068108523
420,02_classic,spatial-longest,32,823.3675999999999,3600.1454000000003,2.4848366068108523
421,02_classic,spatial-longest,32,823.6890999999999,3684.9462000000003,2.4848366068108523
422,02_classic,spatial-longest,32,817.2899,3698.1935,2.4848366068108523
423,02_classic,spatial-longest,32,826.6348,3690.7093,2.4848366068108523
424,02_classic,spatial-longest,32,816.9178,3690.9976,2.4848366068108523
425,02_classic,spatial-longest,32,821.6935,3639.4084000000003,2.4848366068108523
426,02_classic,spatial-random,32,674.1317,2451.2836,2.3679067687784565
427,02_classic,spatial-random,32,717.7426999999999,2442.8663,2.3679067687784565
428,02_classic,spatial-random,32,674.8349000000001,2426.968,2.3679067687784565
429,02_classic,spatial-random,32,706.2134,2419.2188,2.3679067687784565
430,02_classic,spatial-random,32,677.2373,2535.0373,2.3679067687784565
431,02_classic,spatial-random,32,686.3422999999999,2474.1614,2.3679067687784565
432,02_classic,spatial-random,32,673.9723,2503.9066000000003,2.3679067687784565
433,02_classic,spatial-random,32,674.7578,2474.8337,2.3679067687784565
434,02_classic,spatial-random,32,674.2053999999999,2466.3464,2.3679067687784565
435,02_classic,spatial-random,32,675.2093,2556.7716,2.3679067687784565
436,02_classic,spatial-robin,32,670.1692,2478.0163000000002,2.3679067687784565
437,02_classic,spatial-robin,32,670.5025,2406.0036999999998,2.3679067687784565
438,02_classic,spatial-robin,32,668.5232,2490.8677,2.3679067687784565
439,02_classic,spatial-robin,32,679.5714,2475.8873000000003,2.3679067687784565
440,02_classic,spatial-robin,32,679.7571,2489.2148,2.3679067687784565
441,02_classic,spatial-robin,32,672.8697,2414.6937999999996,2.3679067687784565
442,02_classic,spatial-robin,32,679.0575,2564.6807,2.3679067687784565
443,02_classic,spatial-robin,32,676.3761000000001,2411.217,2.3679067687784565
444,02_classic,spatial-robin,32,675.3086999999999,2487.7478,2.3679067687784565
445,02_classic,spatial-robin,32,669.6791,2488.5950000000003,2.3679067687784565
446,02_classic,median-longest,32,870.1449,4419.7975,2.592152598420904
447,02_classic,median-longest,32,844.5204,4452.9589,2.592152598420904
448,02_classic,median-longest,32,842.2583,4441.4193,2.592152598420904
449,02_classic,median-longest,32,849.1729,4499.5769,2.592152598420904
450,02_classic,median-longest,32,843.1848,4538.8462,2.592152598420904
451,02_classic,median-longest,32,841.6420999999999,4330.8814,2.592152598420904
452,02_classic,median-longest,32,847.0568000000001,4358.675899999999,2.592152598420904
453,02_classic,median-longest,32,854.5783,4571.7672,2.592152598420904
454,02_classic,median-longest,32,844.6983,4500.6822,2.592152598420904
455,02_classic,median-longest,32,884.2955999999999,4627.4686,2.592152598420904
456,02_classic,median-random,32,852.0771000000001,4114.887000000001,2.524994157478297
457,02_classic,median-random,32,856.9765,4130.7158,2.524994157478297
458,02_classic,median-random,32,858.1225000000001,3795.7038000000002,2.524994157478297
459,02_classic,median-random,32,853.4164,3999.1138,2.524994157478297
460,02_classic,median-random,32,861.8422,3964.5844,2.524994157478297
461,02_classic,median-random,32,859.0333,3890.0399,2.524994157478297
462,02_classic,median-random,32,858.5762,4023.5453,2.524994157478297
463,02_classic,median-random,32,897.4032,3935.0942999999997,2.524994157478297
464,02_classic,median-random,32,888.6697,4278.9538,2.524994157478297
465,02_classic,median-random,32,872.4573,3871.7382,2.524994157478297
466,02_classic,median-robin,32,863.7335,3984.1114000000002,2.524994157478297
467,02_classic,median-robin,32,856.8516999999999,3807.3611,2.524994157478297
468,02_classic,median-robin,32,852.1378,3934.1533000000004,2.524994157478297
469,02_classic,median-robin,32,857.6078,4038.7826999999997,2.524994157478297
470,02_classic,median-robin,32,853.7319,3970.0791,2.524994157478297
471,02_classic,median-robin,32,855.5705,3937.9969,2.524994157478297
472,02_classic,median-robin,32,855.9914,3898.4388,2.524994157478297
473,02_classic,median-robin,32,865.4058,3889.0753,2.524994157478297
474,02_classic,median-robin,32,875.8888000000001,4133.5337,2.524994157478297
475,02_classic,median-robin,32,859.2347,4053.5933,2.524994157478297
476,02_classic,sah,32,14242.439199999999,1955.1806000000001,2.2549958774934034
477,02_classic,sah,32,14272.1673,1915.8958,2.2549958774934034
478,02_classic,sah,32,14267.7679,1915.9758,2.2549958774934034
479,02_classic,sah,32,14247.7696,1914.6676,2.2549958774934034
480,02_classic,sah,32,14285.2754,1824.6587000000002,2.2549958774934034
481,02_classic,sah,32,14272.5729,1828.9093,2.2549958774934034
482,02_classic,sah,32,14280.1485,1930.3252,2.2549958774934034
483,02_classic,sah,32,14256.0481,1908.2381,2.2549958774934034
484,02_classic,sah,32,14244.0327,1906.8906000000002,2.2549958774934034
485,02_classic,sah,32,14232.239699999998,1898.9254,2.2549958774934034
486,02_classic,spatial-longest,128,822.1961,14556.6219,2.5342150082099
487,02_classic,spatial-longest,128,827.8384,14513.545900000001,2.5342150082099
488,02_classic,spatial-longest,128,829.2808,14501.8021,2.5342150082099
489,02_classic,spatial-random,128,670.5550000000001,9998.7079,2.417590517700733
490,02_classic,spatial-random,128,670.5309000000001,9684.7254,2.417590517700733
491,02_classic,spatial-random,128,672.2924,9416.6744,2.417590517700733
492,02_classic,spatial-robin,128,678.4483,10016.5735,2.417590517700733
493,02_classic,spatial-robin,128,673.0260000000001,9721.4446,2.417590517700733
494,02_classic,spatial-robin,128,672.6122,10259.1808,2.417590517700733
495,02_classic,median-longest,128,854.5994999999999,17629.6075,2.6173347373653946
496,02_classic,median-longest,128,848.8050999999999,18095.417,2.6173347373653946
497,02_classic,median-longest,128,860.659,18284.4078,2.6173347373653946
498,02_classic,median-random,128,884.0346,16294.0687,2.533289734826091
499,02_classic,median-random,128,875.4147,16340.863599999999,2.533289734826091
500,02_classic,median-random,128,894.8952,16357.835600000002,2.533289734826091
501,02_classic,median-robin,128,885.3834,16122.338800000001,2.533289734826091
502,02_classic,median-robin,128,856.7243,16159.830199999999,2.533289734826091
503,02_classic,median-robin,128,853.8082,15740.4725,2.533289734826091
504,02_classic,sah,128,14344.9391,7518.9391,2.253560293041653
505,02_classic,sah,128,14329.392,7523.1413,2.253560293041653
506,02_classic,sah,128,14309.0666,7765.0289,2.253560293041653
